research/semantic-router/20261010/full1000-local-admission-a0004/retained-source/semantic/index/generations/8a9ac0a97e9bebad4c4bbfdcdc2b901e0582de3482b44a920709362785ca1885/manifest.json	45304	"59fa1cf0adf2eac156c81e5093d8c921"
research/semantic-router/20261010/full1000-local-admission-a0004/retained-source/semantic/index/generations/8a9ac0a97e9bebad4c4bbfdcdc2b901e0582de3482b44a920709362785ca1885/plane/manifest.json	653	"50730f161b08caa5959f1c7d7089d9fd"
research/semantic-router/20261010/full1000-local-admission-a0004/retained-source/semantic/index/generations/8a9ac0a97e9bebad4c4bbfdcdc2b901e0582de3482b44a920709362785ca1885/page_manifest.json	281	"5563f792786f125525db9e1f37dac225"
research/semantic-router/20261010/full1000-local-admission-a0004/retained-source/semantic/index/generations/8a9ac0a97e9bebad4c4bbfdcdc2b901e0582de3482b44a920709362785ca1885/page_digests.bin	125024	"cdef24dd002fd77b24b6c050cf356454"
research/semantic-router/20261010/full1000-local-admission-a0004/retained-source/semantic/index/generations/8a9ac0a97e9bebad4c4bbfdcdc2b901e0582de3482b44a920709362785ca1885/plane/mean.bin	4096	"fcae7f5267ad608be7cfa101e6f14417"
research/semantic-router/20261010/full1000-local-admission-a0004/retained-source/semantic/index/generations/8a9ac0a97e9bebad4c4bbfdcdc2b901e0582de3482b44a920709362785ca1885/plane/records.bin	264000000	"49b55c28076c8557a656929920230801"
research/semantic-router/20261010/full1000-local-admission-a0004/retained-source/semantic/index/generations/8a9ac0a97e9bebad4c4bbfdcdc2b901e0582de3482b44a920709362785ca1885/plane/page_digests.bin	1000000	"a8947e10e1a268f99b33e2e38ea3b434"
research/semantic-router/20261010/full1000-local-admission-a0004/retained-source/semantic/index/generations/8a9ac0a97e9bebad4c4bbfdcdc2b901e0582de3482b44a920709362785ca1885/router/root.bin	3041472	"ad2ea49da2f44989f7ad6e1b935417b4"
research/semantic-router/20261010/full1000-local-admission-a0004/retained-source/semantic/index/generations/8a9ac0a97e9bebad4c4bbfdcdc2b901e0582de3482b44a920709362785ca1885/router/membership.bin	125000	"8835dbf3274467637fb86f24fe2aaabb"
research/semantic-router/20261010/full1000-local-admission-a0004/retained-source/semantic/index/generations/8a9ac0a97e9bebad4c4bbfdcdc2b901e0582de3482b44a920709362785ca1885/router/leaves.bin	64125000	"e0b9a5da796acd6db72b4627ea125390"
research/semantic-router/20261010/full1000-local-admission-a0004/retained-source/semantic/objects/cc4395af5fdbdeffcb596460aceaad0e55bdcc4af074f405e78ab2dd2be002e1	1036000000	"4875c438eb819e00fc58ac993227fb2b"
research/semantic-router/20261010/full1000-local-admission-a0004/retained-source/semantic/objects/72d58c8e733415c6354ab7f8f28c5b50a816cf6f6aa7bce62d30c1bd9449c93c	4104000000	"6a9002d83bd42e6746381209619e6bb5"
research/semantic-router/20261010/full1000-local-admission-a0004/retained-source/semantic/index/head.json	170	"f268c5e319cc84d7a3637f0db2954d1b"
