run,phase,workers,recall_at_10,p50_ms,p95_ms,p99_ms,max_ms,qps,avg_bytes_read,avg_network_gets,peak_rss_mib
1,uncached,1,1.000,375.104,467.325,531.200,531.200,,64117901.340,185.720,146.980
1,disk_cached,1,1.000,24.246,25.683,26.193,26.628,,61987266.360,0.000,146.980
1,concurrency,16,1.000,285.997,301.916,305.717,307.296,55.587,61987266.360,0.000,146.980
2,uncached,1,1.000,373.970,472.084,695.430,695.430,,64117901.340,185.720,142.742
2,disk_cached,1,1.000,23.561,24.870,25.454,25.951,,61987266.360,0.000,142.742
2,concurrency,16,1.000,276.297,297.992,303.065,303.115,56.981,61987266.360,0.000,142.742
3,uncached,1,1.000,375.665,450.622,489.991,489.991,,64117901.340,185.720,148.762
3,disk_cached,1,1.000,23.608,24.968,25.651,25.876,,61987266.360,0.000,148.762
3,concurrency,16,1.000,278.929,293.447,295.854,295.998,56.809,61987266.360,0.000,148.762
