dataset,run,queries,recall_at_10,startup_ms,uncached_p50_ms,uncached_p95_ms,uncached_p99_ms,uncached_max_ms,avg_network_gets,avg_bytes_read,disk_cached_p95_ms,workers_16_qps,workers_16_p95_ms,workers_16_max_ms,peak_cpu_percent,peak_rss_bytes,cache_disk_bytes,source
fashion-mnist-784,1,100,0.972,585.806,39.970,67.822,70.570,77.930,26.790,2001032.700,2.464,965.988,19.328,20.195,1206.745,102572032,11333490,raw/2026-07-21/global-pq-production-v7/fashion-mnist-784-v1-serving/run-1
fashion-mnist-784,2,100,0.972,485.589,34.153,64.791,71.119,72.115,26.790,2001032.700,2.491,919.527,19.523,21.627,1191.110,103862272,11142831,raw/2026-07-21/global-pq-production-v7/fashion-mnist-784-v1-serving/run-2
fashion-mnist-784,3,100,0.972,606.065,33.820,64.857,73.188,77.776,26.790,2001032.700,2.531,912.519,19.869,22.165,1142.230,104046592,10623607,raw/2026-07-21/global-pq-production-v7/fashion-mnist-784-v1-serving/run-3
glove-100,1,100,0.956,1334.651,46.700,87.221,97.628,125.344,54.710,6817264.730,7.076,384.003,47.708,50.266,1781.960,317935616,86167256,raw/2026-07-21/global-pq-production-v7/glove-locality-sorted-v4-serving/run-1
glove-100,2,100,0.956,1217.424,48.585,94.116,128.158,147.820,54.710,6817264.730,7.107,391.150,43.956,53.368,1963.076,275156992,86167256,raw/2026-07-21/global-pq-production-v7/glove-locality-sorted-v4-serving/run-2
glove-100,3,100,0.956,1224.238,51.232,93.532,101.298,169.403,54.710,6817264.730,7.066,421.770,41.940,46.156,2006.726,273784832,86167256,raw/2026-07-21/global-pq-production-v7/glove-locality-sorted-v4-serving/run-3
sift-128,1,100,0.976,1058.062,37.476,70.016,90.405,90.660,28.950,3373045.530,5.425,601.326,32.361,34.783,2258.493,193605632,87648298,raw/2026-07-21/global-pq-production-v7/sift-128-v1-serving/run-1
sift-128,2,100,0.976,1066.235,37.065,66.079,81.110,92.051,28.950,3373045.530,5.407,569.900,31.728,33.028,2114.654,181915648,87156418,raw/2026-07-21/global-pq-production-v7/sift-128-v1-serving/run-2
sift-128,3,100,0.976,1078.701,37.460,62.029,89.297,98.540,28.950,3373045.530,5.405,624.653,28.380,29.464,2336.003,251699200,82729498,raw/2026-07-21/global-pq-production-v7/sift-128-v1-serving/run-3
